datetime,temperature_C,humidity_pct,feels_like_C,rainfall_mm,wind_speed_kmh,wind_dir_deg,pressure_hpa,cloud_cover_pct,visibility_km,dew_point_C,solar_rad_Wm2,is_daytime
2026-10-09 00:00:00+05:30,29.85,60.742435,33.441242,0.0,7.0015144,17.969234,1012.31506,5.0,,21.45,0.0,0.0
2026-10-09 01:00:00+05:30,29.45,63.11628,33.30238,0.0,6.151683,20.556128,1011.9143,17.0,,21.7,0.0,0.0
2026-10-09 02:00:00+05:30,29.0,65.17604,33.19028,0.0,4.2175345,39.805527,1011.4137,9.0,,21.8,0.0,0.0
2026-10-09 03:00:00+05:30,28.65,65.70358,32.675064,0.0,4.599695,30.579157,1011.01306,6.0,,21.6,0.0,0.0
2026-10-09 04:00:00+05:30,28.4,65.051025,31.940533,0.0,6.439876,26.564985,1011.2123,5.0,,21.2,0.0,0.0
2026-10-09 05:00:00+05:30,28.3,70.19196,32.460674,0.0,6.544677,31.504223,1011.2123,2.0,,22.35,0.0,0.0
2026-10-09 06:00:00+05:30,28.0,69.07461,31.735714,0.0,7.344794,36.027473,1011.8113,1.0,,21.8,0.0,0.0
2026-10-09 07:00:00+05:30,28.5,66.07588,31.992172,0.0,8.067936,38.65983,1012.6117,0.0,,21.55,46.0,1.0
2026-10-09 08:00:00+05:30,30.15,59.5218,33.78791,0.0,6.4924874,46.12322,1013.41486,0.0,,21.4,239.0,1.0
2026-10-09 09:00:00+05:30,32.55,49.43405,35.667126,0.0,7.1321807,47.045418,1013.82007,0.0,,20.6,454.0,1.0
2026-10-09 10:00:00+05:30,34.8,40.09051,37.782276,0.0,7.24486,63.435013,1013.7252,0.0,,19.25,642.0,1.0
2026-10-09 11:00:00+05:30,37.1,30.28257,39.963474,0.0,6.452441,120.141304,1012.7307,13.0,,16.8,782.0,1.0
2026-10-09 12:00:00+05:30,37.75,26.476192,40.483116,0.0,6.037383,153.43501,1011.93274,31.0,,15.25,850.0,1.0
2026-10-09 13:00:00+05:30,37.2,28.440575,39.2526,0.0,6.28713,193.24052,1011.03204,34.0,,15.9,706.0,1.0
2026-10-09 14:00:00+05:30,36.95,30.823433,39.059303,0.0,5.4744864,242.5925,1010.0321,28.0,,16.95,625.0,1.0
2026-10-09 15:00:00+05:30,36.3,34.996696,38.19776,0.0,8.777653,285.46127,1009.5311,52.0,,18.4,567.0,1.0
2026-10-09 16:00:00+05:30,34.9,43.34623,37.425774,0.0,11.159999,270.0,1009.42804,9.0,,20.6,341.0,1.0
2026-10-09 17:00:00+05:30,34.05,52.301113,37.477097,0.0,13.684735,305.36255,1009.3262,5.0,,22.9,196.0,1.0
2026-10-09 18:00:00+05:30,32.5,61.703148,37.09431,0.0,11.1090765,319.60016,1009.62286,5.0,,24.2,37.0,0.0
2026-10-09 19:00:00+05:30,31.8,67.14062,36.857063,0.0,11.238113,328.09195,1010.22095,2.0,,24.95,0.0,0.0
2026-10-09 20:00:00+05:30,31.25,68.245804,36.254276,0.0,10.495713,337.8336,1010.91907,1.0,,24.7,0.0,0.0
2026-10-09 21:00:00+05:30,31.05,63.84446,35.488083,0.0,8.827344,357.66275,1011.61804,0.0,,23.4,0.0,0.0
2026-10-09 22:00:00+05:30,30.7,59.28505,34.46729,0.0,7.289444,20.224945,1011.8173,0.0,,21.85,0.0,0.0
2026-10-09 23:00:00+05:30,30.55,61.83342,34.960648,0.0,5.00128,59.743652,1011.61707,0.0,,22.4,0.0,0.0
